,Training Loss,Training Perplexity,Validation Loss,Validation Perplexity,FLOPs
0,0.38747310638427734,1.473253331977261,0.5614672476053237,1.7532430556893281,9026855239680000
