,Training Loss,Training Perplexity,Validation Loss,Validation Perplexity,FLOPs
0,0.7436088919639587,2.1035131846016166,0.558740907907486,1.7484696294940203,11987488604160000
