,context_lengths,Train Loss,Train Perplexity,Validation Loss,Validation Perplexity,Estimated Flops
0,128,1.0314406156539917,2.805104002013539,0.995131948248671,2.705081248465543,148937637888000
1,512,0.7908581495285034,2.2052880814056337,0.7459240746498108,2.108388843749065,599374430208000
2,768,0.911200761795044,2.487307404670534,0.7522013628482819,2.121665435054422,902685523968000
