,Training Loss,Training Perplexity,Validation Loss,Validation Perplexity,FLOPs
0,0.656825602054596,1.9286602715440888,0.6702739826838175,1.9547728211774518,5993744302080000
