,Training Loss,Training Perplexity,Validation Loss,Validation Perplexity,FLOPs
0,0.8073057532310486,2.24185971926761,0.6911334649721781,1.9959766211543977,5983174656000000
