,Training Loss,Training Perplexity,Validation Loss,Validation Perplexity,FLOPs
0,0.5827224850654602,1.7909075187063075,0.5959084856510163,1.8146788059742065,5993744302080000
