,Training Loss,Training Perplexity,Validation Loss,Validation Perplexity,FLOPs
0,0.31149205565452576,1.3654609386873262,0.5025153307120005,1.6528735699615165,35962465812480000
