,Training Loss,Training Perplexity,Validation Loss,Validation Perplexity,FLOPs
0,0.48838987946510315,1.6296901088352511,0.4983521485328674,1.646006660187045,35962465812480000
